,date,bike_id,price,start_time,end_time,start_loc,end_loc
0,"May 19, 2023",79338,$3.81,2:05 AM,2:13 AM,Haste St at College Ave,Berkeley Civic Center
1,"May 18, 2023",830-0543,$3.81,1:16 AM,1:19 AM,Channing Way at Shattuck Ave,Berkeley Civic Center
2,"May 13, 2023",406-5314,$0.00,2:04 AM,2:07 AM,Channing Way at Shattuck Ave,Berkeley Civic Center
3,"April 29, 2023",584-993,$8.55,5:14 PM,5:44 PM,Market St at Steuart St,North Point St at Polk St
4,"April 24, 2023",875-0044,$3.81,2:48 AM,2:51 AM,Channing Way at Shattuck Ave,Berkeley Civic Center
5,"April 23, 2023",17035,$3.81,10:24 PM,10:28 PM,Berkeley Civic Center,Channing Way at Shattuck Ave
6,"April 23, 2023",16597,$3.81,12:00 AM,12:09 AM,Bancroft Way at Telegraph Ave,Berkeley Civic Center
7,"April 21, 2023",405-847,$11.60,7:51 PM,8:15 PM,Montgomery St at Pacific Ave,North Point St at Polk St
8,"April 21, 2023",947-101,$11.92,4:49 PM,5:14 PM,20th St at Dolores St,Market St at Steuart St
9,"April 17, 2023",413-8889,$3.81,11:58 PM,12:01 AM,Channing Way at Shattuck Ave,Berkeley Civic Center
10,"April 8, 2023",847-2961,$3.81,11:04 PM,11:07 PM,Channing Way at Shattuck Ave,Berkeley Civic Center
11,"April 8, 2023",847-2961,$3.81,8:27 PM,8:30 PM,Berkeley Civic Center,Channing Way at Shattuck Ave
12,"April 8, 2023",847-2961,$3.81,12:50 AM,1:01 AM,Bancroft Way at College Ave,Berkeley Civic Center
13,"March 17, 2023",344-7307,$3.81,12:40 PM,12:43 PM,Berkeley Civic Center,Channing Way at Shattuck Ave
14,"March 14, 2023",16863,$3.81,10:17 PM,10:20 PM,Berkeley Civic Center,Channing Way at Shattuck Ave
15,"February 25, 2023",16503,$3.81,2:33 AM,2:36 AM,Channing Way at Shattuck Ave,Berkeley Civic Center
16,"February 12, 2023",564-9694,$3.81,1:06 AM,1:09 AM,Channing Way at Shattuck Ave,Berkeley Civic Center
17,"February 4, 2023",17130,$3.81,7:02 PM,7:06 PM,Berkeley Civic Center,Channing Way at Shattuck Ave
18,"January 27, 2023",598-4406,$3.81,9:13 PM,9:17 PM,Berkeley Civic Center,Channing Way at Shattuck Ave
19,"January 23, 2023",16756,$0.00,7:19 PM,7:22 PM,Berkeley Civic Center,Channing Way at Shattuck Ave
20,"December 17, 2022",17299,$0.00,4:20 PM,4:28 PM,Bancroft Way at Telegraph Ave,Berkeley Civic Center
21,"December 17, 2022",17076,$0.00,12:41 AM,12:44 AM,Channing Way at Shattuck Ave,Berkeley Civic Center
22,"December 16, 2022",17076,$0.00,2:39 PM,2:50 PM,Berkeley Civic Center,Channing Way at Shattuck Ave
23,"December 15, 2022",599-5881,$0.00,7:36 PM,7:42 PM,Bancroft Way at Telegraph Ave,Berkeley Civic Center
24,"December 15, 2022",16571,$0.00,2:58 PM,3:13 PM,Ninth St at Heinz Ave,Berkeley Civic Center
25,"December 15, 2022",67938,$0.00,12:39 PM,12:52 PM,Berkeley Civic Center,Ninth St at Heinz Ave
26,"December 14, 2022",67938,$0.00,9:55 PM,9:59 PM,Channing Way at Shattuck Ave,Berkeley Civic Center
27,"December 13, 2022",671-6542,$0.00,9:01 PM,9:09 PM,Bancroft Way at Telegraph Ave,MLK Jr Way at University Ave
28,"December 10, 2022",850-2940,$0.00,10:43 PM,10:47 PM,Channing Way at Shattuck Ave,Berkeley Civic Center
29,"December 10, 2022",17254,$0.00,9:22 AM,9:27 AM,Berkeley Civic Center,Fulton St at Bancroft Way
30,"December 9, 2022",886-1650,$0.00,5:35 PM,5:53 PM,Ninth St at Heinz Ave,MLK Jr Way at University Ave
31,"December 9, 2022",886-1650,$0.00,3:37 PM,3:50 PM,Berkeley Civic Center,Ninth St at Heinz Ave
32,"December 8, 2022",75534,$0.00,2:54 PM,2:58 PM,Bancroft Way at Telegraph Ave,Hearst Ave at Euclid Ave
33,"December 7, 2022",796-6260,$0.00,7:28 PM,7:44 PM,Ninth St at Heinz Ave,MLK Jr Way at University Ave
34,"December 7, 2022",796-6260,$0.00,5:15 PM,5:28 PM,Berkeley Civic Center,Ninth St at Heinz Ave
35,"December 6, 2022",15102,$0.00,6:52 PM,6:58 PM,Fulton St at Bancroft Way,Berkeley Civic Center
36,"December 6, 2022",17166,$0.00,3:13 PM,3:19 PM,Bancroft Way at Telegraph Ave,Berkeley Civic Center
37,"December 5, 2022",796-6260,$0.00,4:08 PM,4:24 PM,Ninth St at Heinz Ave,Berkeley Civic Center
38,"December 2, 2022",319-8199,$0.00,9:45 PM,9:50 PM,Channing Way at Shattuck Ave,MLK Jr Way at University Ave
39,"December 2, 2022",319-8199,$0.00,5:31 PM,5:35 PM,Berkeley Civic Center,Channing Way at Shattuck Ave
40,"December 1, 2022",511-7692,$0.00,11:10 PM,11:13 PM,Channing Way at Shattuck Ave,Berkeley Civic Center
41,"December 1, 2022",511-7692,$0.00,4:32 PM,4:35 PM,Berkeley Civic Center,Channing Way at Shattuck Ave
42,"November 30, 2022",511-7692,$0.00,6:38 PM,6:43 PM,Fulton St at Bancroft Way,Berkeley Civic Center
43,"November 30, 2022",248-7288,$0.00,6:04 PM,6:07 PM,University Ave at Oxford St,Fulton St at Bancroft Way
44,"November 30, 2022",875-0044,$0.00,2:16 PM,2:42 PM,Ninth St at Heinz Ave,MLK Jr Way at University Ave
45,"November 29, 2022",555-8390,$0.00,6:37 PM,6:42 PM,Bancroft Way at Telegraph Ave,Berkeley Civic Center
46,"November 28, 2022",432-4596,$0.00,6:03 PM,6:19 PM,Ninth St at Heinz Ave,Berkeley Civic Center
47,"November 28, 2022",68386,$0.00,3:37 PM,3:49 PM,Berkeley Civic Center,Ninth St at Heinz Ave
48,"November 28, 2022",81133,$0.00,12:55 PM,1:03 PM,Bancroft Way at Telegraph Ave,MLK Jr Way at University Ave
49,"November 27, 2022",68386,$0.00,12:58 AM,1:01 AM,Channing Way at Shattuck Ave,Berkeley Civic Center
50,"November 27, 2022",68386,$0.00,12:44 AM,12:50 AM,Downtown Berkeley BART,Channing Way at Shattuck Ave
51,"November 26, 2022",656-1278,$0.00,3:39 PM,3:46 PM,Bancroft Way at Telegraph Ave,Berkeley Civic Center
52,"November 26, 2022",16744,$0.00,1:21 PM,1:25 PM,Berkeley Civic Center,Channing Way at Shattuck Ave
53,"November 26, 2022",16744,$0.00,11:27 AM,11:32 AM,Fulton St at Bancroft Way,Berkeley Civic Center
54,"November 26, 2022",16744,$0.00,10:33 AM,10:37 AM,Berkeley Civic Center,Fulton St at Bancroft Way
55,"November 25, 2022",17243,$0.00,4:22 PM,4:51 PM,Ninth St at Heinz Ave,MLK Jr Way at University Ave
56,"November 25, 2022",432-4596,$0.00,2:14 PM,2:30 PM,Berkeley Civic Center,San Pablo Park
57,"November 23, 2022",17098,$0.00,11:13 AM,11:18 AM,Berkeley Civic Center,Fulton St at Bancroft Way
58,"November 22, 2022",622-9272,$0.00,7:13 PM,7:18 PM,Fulton St at Bancroft Way,Berkeley Civic Center
59,"November 22, 2022",622-9272,$0.00,1:09 PM,1:13 PM,Berkeley Civic Center,Fulton St at Bancroft Way
60,"November 21, 2022",622-9272,$0.00,11:19 PM,11:22 PM,Channing Way at Shattuck Ave,Berkeley Civic Center
61,"November 21, 2022",495-4129,$0.00,4:10 PM,4:28 PM,Ninth St at Heinz Ave,Berkeley Civic Center
62,"November 21, 2022",495-4129,$0.00,2:13 PM,2:25 PM,Berkeley Civic Center,Ninth St at Heinz Ave
63,"November 21, 2022",792-4129,$0.00,12:02 AM,12:05 AM,Channing Way at Shattuck Ave,Berkeley Civic Center
64,"November 20, 2022",792-4129,$0.00,6:47 PM,6:50 PM,Berkeley Civic Center,Channing Way at Shattuck Ave
65,"November 19, 2022",432-4596,$0.00,7:36 PM,7:39 PM,Channing Way at Shattuck Ave,Berkeley Civic Center
66,"November 19, 2022",201-8273,$0.00,12:13 PM,12:40 PM,Ninth St at Heinz Ave,MLK Jr Way at University Ave
67,"November 19, 2022",201-8273,$0.00,10:26 AM,10:39 AM,Berkeley Civic Center,Ninth St at Heinz Ave
68,"November 18, 2022",792-4129,$0.00,1:32 PM,1:47 PM,Ninth St at Heinz Ave,Berkeley Civic Center
69,"November 18, 2022",792-4129,$0.00,11:57 AM,12:10 PM,Berkeley Civic Center,Ninth St at Heinz Ave
70,"November 17, 2022",16708,$0.00,5:22 PM,5:28 PM,Bancroft Way at Telegraph Ave,Berkeley Civic Center
71,"November 16, 2022",792-4129,$0.00,3:57 PM,4:28 PM,Ninth St at Heinz Ave,Berkeley Civic Center
72,"November 16, 2022",587-5810,$0.00,1:20 PM,1:31 PM,Berkeley Civic Center,Ninth St at Parker St
73,"November 15, 2022",14579,$0.00,5:34 PM,5:42 PM,Bancroft Way at Telegraph Ave,MLK Jr Way at University Ave
74,"November 14, 2022",336-2720,$0.00,7:50 PM,7:55 PM,Fulton St at Bancroft Way,Berkeley Civic Center
75,"November 14, 2022",792-4129,$0.00,5:10 PM,5:21 PM,Berkeley Civic Center,Ninth St at Heinz Ave
76,"November 13, 2022",622-8316,$0.00,7:56 PM,7:59 PM,Berkeley Civic Center,Channing Way at Shattuck Ave
77,"November 13, 2022",248-7288,$0.00,11:29 AM,11:46 AM,Ninth St at Heinz Ave,MLK Jr Way at University Ave
78,"November 13, 2022",248-7288,$0.00,9:41 AM,10:02 AM,MLK Jr Way at University Ave,Ninth St at Heinz Ave
79,"November 11, 2022",308-5222,$0.00,4:24 PM,4:45 PM,Ninth St at Heinz Ave,Berkeley Civic Center
80,"November 11, 2022",429-9996,$0.00,2:04 PM,2:20 PM,Channing Way at Shattuck Ave,Ninth St at Parker St
81,"November 11, 2022",17197,$0.00,12:49 PM,12:53 PM,Berkeley Civic Center,Fulton St at Bancroft Way
82,"November 11, 2022",258-0512,$0.00,2:02 AM,2:06 AM,Fulton St at Bancroft Way,Berkeley Civic Center
83,"November 10, 2022",224-4648,$0.00,6:41 PM,6:45 PM,Berkeley Civic Center,Channing Way at Shattuck Ave
84,"November 10, 2022",248-7288,$0.00,12:04 PM,12:13 PM,Bancroft Way at Telegraph Ave,MLK Jr Way at University Ave
85,"November 10, 2022",258-0512,$0.00,9:23 AM,9:28 AM,Berkeley Civic Center,Fulton St at Bancroft Way
86,"November 9, 2022",831-3538,$0.00,7:27 PM,7:32 PM,Fulton St at Bancroft Way,Berkeley Civic Center
87,"November 9, 2022",224-4648,$0.00,10:16 AM,10:35 AM,Ninth St at Heinz Ave,Berkeley Civic Center
88,"November 9, 2022",224-4648,$0.00,8:20 AM,8:33 AM,Berkeley Civic Center,Ninth St at Heinz Ave
89,"November 8, 2022",887-3861,$0.00,2:35 PM,2:53 PM,Ninth St at Heinz Ave,MLK Jr Way at University Ave
90,"November 8, 2022",887-3861,$0.00,11:48 AM,12:02 PM,Berkeley Civic Center,Ninth St at Heinz Ave
91,"November 7, 2022",887-3861,$0.00,8:20 PM,8:26 PM,Bancroft Way at Telegraph Ave,Berkeley Civic Center
92,"November 7, 2022",537-1968,$0.00,3:06 PM,3:12 PM,Berkeley Civic Center,Fulton St at Bancroft Way
93,"November 7, 2022",224-4648,$0.00,1:56 PM,2:03 PM,Bancroft Way at Telegraph Ave,Berkeley Civic Center
94,"November 7, 2022",258-0512,$0.00,1:13 AM,1:19 AM,Bancroft Way at Telegraph Ave,Berkeley Civic Center
95,"November 4, 2022",517-5245,$0.00,9:55 AM,10:11 AM,Ninth St at Heinz Ave,Berkeley Civic Center
96,"November 4, 2022",517-5245,$0.00,8:19 AM,8:33 AM,Berkeley Civic Center,Ninth St at Heinz Ave
97,"November 3, 2022",16744,$0.00,9:02 PM,9:08 PM,Bancroft Way at Telegraph Ave,Berkeley Civic Center
98,"November 3, 2022",517-5245,$0.00,1:36 PM,1:42 PM,Hearst Ave at Euclid Ave,Berkeley Civic Center
99,"November 2, 2022",278-3298,$0.00,10:51 AM,11:22 AM,Ninth St at Heinz Ave,MLK Jr Way at University Ave
100,"November 2, 2022",278-3298,$0.00,8:14 AM,8:28 AM,Berkeley Civic Center,Ninth St at Heinz Ave
101,"November 1, 2022",622-9272,$0.00,6:45 PM,6:51 PM,Bancroft Way at Telegraph Ave,Berkeley Civic Center
102,"October 31, 2022",587-5810,$0.00,7:36 PM,7:39 PM,Channing Way at Shattuck Ave,Berkeley Civic Center
103,"October 31, 2022",501-0327,$0.00,4:35 PM,4:39 PM,Berkeley Civic Center,Channing Way at Shattuck Ave
104,"October 31, 2022",501-0327,$0.00,3:07 PM,3:31 PM,Ninth St at Heinz Ave,Berkeley Civic Center
105,"October 31, 2022",501-0327,$0.00,12:50 PM,1:03 PM,Berkeley Civic Center,Ninth St at Heinz Ave
106,"October 30, 2022",587-5810,$0.00,10:06 PM,10:10 PM,Berkeley Civic Center,Channing Way at Shattuck Ave
107,"October 28, 2022",336-2720,$0.00,6:07 PM,6:14 PM,Bancroft Way at Telegraph Ave,Berkeley Civic Center
108,"October 28, 2022",248-7288,$0.00,10:49 AM,11:06 AM,Ninth St at Heinz Ave,MLK Jr Way at University Ave
109,"October 28, 2022",798-3398,$0.00,9:30 AM,9:43 AM,Berkeley Civic Center,Ninth St at Heinz Ave
110,"October 27, 2022",473-2863,$0.00,4:42 PM,4:49 PM,Bancroft Way at Telegraph Ave,Berkeley Civic Center
111,"October 27, 2022",798-3398,$0.00,10:54 AM,11:10 AM,Ninth St at Heinz Ave,Berkeley Civic Center
112,"October 27, 2022",798-3398,$0.00,8:42 AM,8:55 AM,Berkeley Civic Center,Ninth St at Heinz Ave
113,"October 26, 2022",220-4691,$0.00,10:21 PM,10:28 PM,Bancroft Way at Telegraph Ave,Berkeley Civic Center
114,"October 24, 2022",716-6408,$0.00,5:13 PM,5:32 PM,Ninth St at Heinz Ave,MLK Jr Way at University Ave
115,"October 24, 2022",716-6408,$0.00,3:15 PM,3:27 PM,Berkeley Civic Center,Ninth St at Heinz Ave
116,"October 23, 2022",798-3398,$0.00,11:59 PM,12:02 AM,Channing Way at Shattuck Ave,Berkeley Civic Center
117,"October 23, 2022",731-0923,$0.00,9:02 PM,9:08 PM,Berkeley Civic Center,Parker St at Fulton St
118,"October 22, 2022",716-6408,$0.00,6:03 PM,6:33 PM,Ninth St at Heinz Ave,Berkeley Civic Center
119,"October 22, 2022",810-2451,$0.00,3:27 PM,3:38 PM,Berkeley Civic Center,Ninth St at Heinz Ave
120,"October 21, 2022",764-6888,$0.00,11:06 PM,11:11 PM,Bancroft Way at Telegraph Ave,Berkeley Civic Center
121,"October 19, 2022",639-2492,$0.00,3:16 PM,3:46 PM,Ninth St at Heinz Ave,Berkeley Civic Center
122,"October 19, 2022",639-2492,$0.00,12:43 PM,12:56 PM,Berkeley Civic Center,Ninth St at Heinz Ave
123,"October 18, 2022",17302,$0.00,7:38 PM,7:47 PM,Haste St at College Ave,Berkeley Civic Center
124,"October 17, 2022",566-0659,$0.00,9:20 PM,9:38 PM,Ninth St at Heinz Ave,MLK Jr Way at University Ave
125,"October 17, 2022",80915,$0.00,7:16 PM,7:27 PM,Berkeley Civic Center,Ninth St at Heinz Ave
126,"October 15, 2022",16589,$0.00,7:18 PM,7:25 PM,Bancroft Way at Telegraph Ave,Berkeley Civic Center
127,"October 15, 2022",16753,$0.00,11:55 AM,12:21 PM,Ninth St at Heinz Ave,Berkeley Civic Center
128,"October 15, 2022",17175,$0.00,9:22 AM,9:33 AM,Berkeley Civic Center,Ninth St at Heinz Ave
129,"October 14, 2022",17201,$0.00,5:20 PM,5:30 PM,Bancroft Way at College Ave,MLK Jr Way at University Ave
130,"October 12, 2022",762-3465,$0.00,12:23 PM,12:41 PM,Ninth St at Heinz Ave,Berkeley Civic Center
131,"October 12, 2022",762-3465,$0.00,10:16 AM,10:28 AM,Berkeley Civic Center,Ninth St at Heinz Ave
132,"October 11, 2022",537-1968,$0.00,7:46 PM,7:54 PM,Bancroft Way at Telegraph Ave,Berkeley Civic Center
133,"October 11, 2022",762-3465,$0.00,9:48 AM,9:52 AM,MLK Jr Way at University Ave,Berkeley Civic Center
134,"October 10, 2022",762-3465,$0.00,3:53 PM,4:07 PM,Ninth St at Parker St,Berkeley Civic Center
135,"October 10, 2022",78508,$0.00,3:50 PM,3:54 PM,Ninth St at Heinz Ave,Ninth St at Parker St
136,"October 10, 2022",78508,$0.00,3:49 PM,3:50 PM,Ninth St at Heinz Ave,Ninth St at Heinz Ave
137,"October 10, 2022",580-2251,$0.00,12:21 PM,12:34 PM,Berkeley Civic Center,Ninth St at Heinz Ave
138,"October 8, 2022",75754,$0.00,2:14 PM,2:40 PM,Ninth St at Heinz Ave,MLK Jr Way at University Ave
139,"October 8, 2022",443-3108,$0.00,12:18 PM,12:31 PM,Berkeley Civic Center,Ninth St at Heinz Ave
140,"October 7, 2022",443-3108,$0.00,9:14 PM,9:18 PM,Channing Way at Shattuck Ave,Berkeley Civic Center
141,"October 1, 2022",370-7635,$0.00,6:17 PM,6:28 PM,Bancroft Way at Telegraph Ave,Berkeley Civic Center
142,"October 1, 2022",299-8078,$0.00,12:14 AM,12:17 AM,Channing Way at Shattuck Ave,Berkeley Civic Center
143,"September 30, 2022",299-8078,$0.00,9:54 PM,9:57 PM,Berkeley Civic Center,Channing Way at Shattuck Ave
144,"September 30, 2022",75704,$0.00,8:20 PM,8:26 PM,Hearst Ave at Euclid Ave,Berkeley Civic Center
145,"September 30, 2022",543-3727,$0.00,3:05 PM,3:15 PM,Bancroft Way at Telegraph Ave,Milvia St at Derby St
146,"September 29, 2022",665-8983,$0.00,1:26 PM,1:33 PM,Bancroft Way at Telegraph Ave,Berkeley Civic Center
147,"September 28, 2022",290-3458,$0.00,10:07 PM,10:24 PM,Ninth St at Heinz Ave,Downtown Berkeley BART
148,"September 28, 2022",290-3458,$0.00,8:01 PM,8:12 PM,Channing Way at Shattuck Ave,Ninth St at Heinz Ave
149,"September 28, 2022",12180,$0.00,6:40 PM,6:46 PM,Bancroft Way at Telegraph Ave,Downtown Berkeley BART
150,"September 28, 2022",766-5367,$0.00,2:07 PM,2:17 PM,Bancroft Way at Telegraph Ave,MLK Jr Way at University Ave
151,"September 27, 2022",67815,$0.00,10:25 PM,10:32 PM,Haste St at Telegraph Ave,Berkeley Civic Center
152,"September 27, 2022",299-8078,$0.00,4:36 PM,4:52 PM,Ninth St at Heinz Ave,Berkeley Civic Center
153,"September 27, 2022",299-8078,$0.00,3:00 PM,3:12 PM,Berkeley Civic Center,Ninth St at Heinz Ave
154,"September 25, 2022",639-2492,$0.00,3:47 PM,3:51 PM,Berkeley Civic Center,Fulton St at Bancroft Way
155,"September 25, 2022",668-2934,$0.00,11:56 AM,12:19 PM,Ninth St at Heinz Ave,MLK Jr Way at University Ave
156,"September 25, 2022",668-2934,$0.00,8:52 AM,9:05 AM,Berkeley Civic Center,Ninth St at Heinz Ave
157,"September 24, 2022",224-4648,$0.00,4:08 PM,4:16 PM,Bancroft Way at Telegraph Ave,Berkeley Civic Center
158,"September 23, 2022",883-2545,$0.00,6:11 PM,6:26 PM,Ninth St at Heinz Ave,Berkeley Civic Center
159,"September 23, 2022",883-2545,$0.00,3:54 PM,4:05 PM,Berkeley Civic Center,Ninth St at Heinz Ave
160,"September 23, 2022",78882,$0.00,3:07 PM,3:15 PM,Bancroft Way at Telegraph Ave,Berkeley Civic Center
161,"September 21, 2022",829-2708,$29.50,5:08 PM,8:08 PM,Ninth St at Heinz Ave,Berkeley Civic Center
162,"September 21, 2022",829-2708,$0.00,1:33 PM,1:47 PM,MLK Jr Way at University Ave,Ninth St at Heinz Ave
163,"September 20, 2022",16609,$0.00,7:14 PM,7:20 PM,Bancroft Way at Telegraph Ave,MLK Jr Way at University Ave
164,"September 19, 2022",838-8605,$0.00,12:57 AM,1:00 AM,Channing Way at Shattuck Ave,Berkeley Civic Center
165,"September 18, 2022",17219,$0.00,5:01 PM,5:07 PM,Hearst Ave at Euclid Ave,Fulton St at Bancroft Way
166,"September 16, 2022",665-8983,$0.00,12:01 PM,12:16 PM,Ninth St at Heinz Ave,Berkeley Civic Center
167,"September 16, 2022",665-8983,$0.00,7:44 AM,7:57 AM,Berkeley Civic Center,Ninth St at Heinz Ave
168,"September 14, 2022",844-9480,$0.00,4:30 PM,4:36 PM,Bancroft Way at Telegraph Ave,Berkeley Civic Center
169,"September 12, 2022",665-8983,$0.00,9:50 AM,10:09 AM,Ninth St at Heinz Ave,Berkeley Civic Center
170,"September 12, 2022",665-8983,$0.00,8:05 AM,8:19 AM,Berkeley Civic Center,Ninth St at Heinz Ave
171,"September 11, 2022",81244,$0.00,11:23 PM,11:29 PM,Hearst Ave at Euclid Ave,Berkeley Civic Center
172,"September 9, 2022",731-0923,$0.00,10:17 AM,10:32 AM,Ninth St at Heinz Ave,Berkeley Civic Center
173,"September 9, 2022",258-9703,$0.00,7:36 AM,7:49 AM,Berkeley Civic Center,Ninth St at Heinz Ave
174,"September 7, 2022",258-9703,$0.00,11:22 AM,11:50 AM,Ninth St at Heinz Ave,Berkeley Civic Center
175,"September 7, 2022",258-9703,$0.00,8:48 AM,9:01 AM,Berkeley Civic Center,Ninth St at Heinz Ave
176,"September 5, 2022",80074,$0.00,10:47 PM,10:49 PM,Channing Way at Shattuck Ave,Berkeley Civic Center
177,"September 5, 2022",456-8903,$0.00,12:19 PM,12:25 PM,Berkeley Civic Center,Parker St at Fulton St
178,"September 4, 2022",11442,$0.00,9:25 PM,9:31 PM,Bancroft Way at Telegraph Ave,Berkeley Civic Center
179,"September 4, 2022",844-9480,$0.00,11:21 AM,11:27 AM,Berkeley Civic Center,Parker St at Fulton St
180,"September 2, 2022",248-9169,$0.00,4:51 PM,4:58 PM,Bancroft Way at Telegraph Ave,Berkeley Civic Center
181,"September 2, 2022",639-2492,$0.00,12:17 PM,12:32 PM,Ninth St at Heinz Ave,California St at University Ave
182,"September 2, 2022",318-6194,$0.00,9:18 AM,9:30 AM,Berkeley Civic Center,Ninth St at Heinz Ave
183,"August 30, 2022",11458,$0.00,10:23 PM,10:33 PM,Haste St at Telegraph Ave,MLK Jr Way at University Ave
184,"August 29, 2022",14472,$0.00,8:25 PM,8:31 PM,MLK Jr Way at University Ave,Channing Way at Shattuck Ave
185,"August 29, 2022",16626,$0.00,5:06 PM,5:14 PM,Bancroft Way at College Ave,Berkeley Civic Center
186,"August 29, 2022",601-3247,$0.00,10:07 AM,10:27 AM,Ninth St at Heinz Ave,MLK Jr Way at University Ave
187,"August 29, 2022",601-3247,$0.00,7:39 AM,7:51 AM,Berkeley Civic Center,Ninth St at Heinz Ave
188,"August 28, 2022",80198,$0.00,7:33 PM,7:39 PM,Bancroft Way at Telegraph Ave,Berkeley Civic Center
189,"August 28, 2022",10636,$0.00,12:25 AM,12:36 AM,Bancroft Way at Telegraph Ave,MLK Jr Way at University Ave
190,"August 27, 2022",501-0327,$0.00,12:08 AM,12:11 AM,Channing Way at Shattuck Ave,Berkeley Civic Center
191,"August 27, 2022",13507,$0.00,12:07 AM,12:08 AM,Channing Way at Shattuck Ave,Channing Way at Shattuck Ave
192,"August 26, 2022",501-0327,$0.00,10:31 PM,10:34 PM,Berkeley Civic Center,Channing Way at Shattuck Ave
193,"August 26, 2022",501-0327,$0.00,8:52 PM,8:56 PM,Channing Way at Shattuck Ave,Berkeley Civic Center
194,"August 26, 2022",883-2545,$0.00,10:43 AM,10:51 AM,Bancroft Way at Telegraph Ave,MLK Jr Way at University Ave
195,"August 26, 2022",601-3247,$0.00,9:18 AM,9:36 AM,Ninth St at Heinz Ave,Berkeley Civic Center
196,"August 26, 2022",601-3247,$0.00,7:44 AM,7:56 AM,Berkeley Civic Center,Ninth St at Heinz Ave
197,"August 25, 2022",17186,$0.00,11:45 AM,11:52 AM,Bancroft Way at Telegraph Ave,Berkeley Civic Center
198,"August 24, 2022",341-7060,$0.00,8:27 AM,8:45 AM,Ninth St at Heinz Ave,Berkeley Civic Center
199,"August 24, 2022",341-7060,$0.00,6:21 AM,6:33 AM,Berkeley Civic Center,Ninth St at Heinz Ave
200,"August 22, 2022",454-1868,$0.00,8:19 AM,8:37 AM,Ninth St at Heinz Ave,MLK Jr Way at University Ave
201,"August 22, 2022",454-1868,$0.00,6:37 AM,6:49 AM,Berkeley Civic Center,Ninth St at Heinz Ave
202,"July 15, 2022",393-4494,$0.00,7:31 PM,7:48 PM,Ninth St at Heinz Ave,Berkeley Civic Center
203,"July 15, 2022",741-5680,$0.00,5:50 PM,6:02 PM,Berkeley Civic Center,Ninth St at Heinz Ave
204,"July 14, 2022",17186,$0.00,9:48 PM,10:03 PM,Ninth St at Heinz Ave,MLK Jr Way at University Ave
205,"July 14, 2022",17321,$0.00,6:56 PM,7:08 PM,Berkeley Civic Center,Ninth St at Heinz Ave
206,"July 11, 2022",68132,$0.00,1:39 PM,1:55 PM,Ninth St at Heinz Ave,Berkeley Civic Center
207,"July 11, 2022",68132,$0.00,10:32 AM,10:44 AM,Berkeley Civic Center,Ninth St at Heinz Ave
208,"July 8, 2022",77947,$0.00,2:08 PM,2:34 PM,Ninth St at Heinz Ave,MLK Jr Way at University Ave
209,"July 8, 2022",77947,$0.00,11:11 AM,11:23 AM,Berkeley Civic Center,Ninth St at Heinz Ave
210,"July 6, 2022",460-6307,$0.00,1:48 PM,2:02 PM,Ninth St at Heinz Ave,Berkeley Civic Center
211,"July 6, 2022",67079,$0.00,10:47 AM,10:58 AM,Berkeley Civic Center,Ninth St at Heinz Ave
212,"July 6, 2022",16705,$0.00,10:46 AM,10:46 AM,Berkeley Civic Center,Berkeley Civic Center
213,"July 2, 2022",329-8460,$0.00,1:00 PM,1:13 PM,Ninth St at Heinz Ave,Berkeley Civic Center
214,"July 2, 2022",329-8460,$0.00,9:22 AM,9:35 AM,Haste St at Telegraph Ave,Ninth St at Heinz Ave
215,"July 1, 2022",459-4669,$0.00,9:43 AM,9:56 AM,Ninth St at Heinz Ave,Berkeley Civic Center
216,"July 1, 2022",459-4669,$0.00,8:23 AM,8:34 AM,Berkeley Civic Center,Ninth St at Heinz Ave
217,"June 20, 2022",14554,$0.00,8:24 PM,8:41 PM,Ninth St at Heinz Ave,Berkeley Civic Center
218,"June 20, 2022",77409,$0.00,6:39 PM,6:51 PM,Berkeley Civic Center,Ninth St at Heinz Ave
219,"June 18, 2022",331-5587,$0.00,12:37 PM,12:52 PM,Ninth St at Heinz Ave,MLK Jr Way at University Ave
220,"June 18, 2022",331-5587,$0.00,10:08 AM,10:19 AM,Berkeley Civic Center,Ninth St at Heinz Ave
221,"June 17, 2022",331-5587,$0.00,8:20 PM,8:31 PM,Ninth St at Heinz Ave,Berkeley Civic Center
222,"June 17, 2022",331-5587,$0.00,6:45 PM,7:04 PM,Berkeley Civic Center,Ninth St at Heinz Ave
223,"June 15, 2022",558-9585,$0.00,12:43 PM,12:59 PM,Ninth St at Heinz Ave,MLK Jr Way at University Ave
224,"June 15, 2022",558-9585,$0.00,10:05 AM,10:16 AM,Berkeley Civic Center,Ninth St at Heinz Ave
225,"June 13, 2022",17073,$0.00,4:29 PM,4:43 PM,Ninth St at Heinz Ave,MLK Jr Way at University Ave
226,"June 13, 2022",17335,$0.00,2:17 PM,2:30 PM,Berkeley Civic Center,Ninth St at Heinz Ave
227,"June 10, 2022",17335,$0.00,2:58 PM,3:10 PM,Ninth St at Heinz Ave,Berkeley Civic Center
228,"June 10, 2022",17335,$0.00,1:46 PM,1:57 PM,Berkeley Civic Center,Ninth St at Heinz Ave
229,"June 8, 2022",16709,$0.00,12:37 PM,12:50 PM,Ninth St at Heinz Ave,Berkeley Civic Center
230,"June 8, 2022",16709,$0.00,10:13 AM,10:24 AM,Berkeley Civic Center,Ninth St at Heinz Ave
231,"June 4, 2022",17132,$0.00,5:13 PM,5:28 PM,Ninth St at Heinz Ave,MLK Jr Way at University Ave
232,"June 4, 2022",427-6598,$0.00,3:24 PM,3:35 PM,Berkeley Civic Center,San Pablo Park
233,"June 3, 2022",67699,$0.00,8:49 PM,9:03 PM,Ninth St at Heinz Ave,Berkeley Civic Center
234,"June 3, 2022",276-7564,$0.00,6:51 PM,7:08 PM,Berkeley Civic Center,Ninth St at Parker St
235,"June 2, 2022",507-2848,$0.00,7:26 PM,7:38 PM,Pier 1/2 at The Embarcadero,Cyril Magnin St at Ellis St
236,"May 29, 2022",68458,$0.00,1:54 PM,2:12 PM,San Francisco Ferry Building (Harry Bridges Plaza),North Point St at Powell St
237,"May 28, 2022",16704,$0.00,4:12 PM,4:15 PM,Berkeley Civic Center,Fulton St at Bancroft Way
238,"May 25, 2022",67203,$3.50,12:40 PM,1:41 PM,Ninth St at Heinz Ave,MLK Jr Way at University Ave
239,"May 25, 2022",20035,$0.00,9:54 AM,10:05 AM,Berkeley Civic Center,Ninth St at Heinz Ave
240,"May 22, 2022",10285,$0.00,9:36 PM,9:41 PM,Bancroft Way at Telegraph Ave,Berkeley Civic Center
241,"May 22, 2022",17334,$0.00,2:48 PM,3:02 PM,Ninth St at Heinz Ave,Berkeley Civic Center
242,"May 22, 2022",17334,$0.00,10:12 AM,10:25 AM,Berkeley Civic Center,Ninth St at Heinz Ave
243,"May 21, 2022",16541,$0.00,6:32 AM,6:38 AM,Bancroft Way at Telegraph Ave,Berkeley Civic Center
244,"May 20, 2022",16634,$0.00,9:38 AM,9:52 AM,Ninth St at Heinz Ave,Berkeley Civic Center
245,"May 20, 2022",16972,$0.00,9:36 AM,9:36 AM,Ninth St at Heinz Ave,Ninth St at Heinz Ave
246,"May 20, 2022",16634,$0.00,7:15 AM,7:26 AM,Berkeley Civic Center,Ninth St at Heinz Ave
247,"May 15, 2022",17256,$0.00,6:08 PM,6:10 PM,Channing Way at Shattuck Ave,Berkeley Civic Center
248,"May 15, 2022",16511,$0.00,11:40 AM,11:43 AM,Channing Way at Shattuck Ave,Berkeley Civic Center
249,"May 15, 2022",331-5587,$0.00,10:16 AM,10:18 AM,Berkeley Civic Center,Channing Way at Shattuck Ave
250,"May 13, 2022",67191,$0.00,11:02 PM,11:07 PM,Bancroft Way at Telegraph Ave,Berkeley Civic Center
251,"May 13, 2022",16713,$0.00,9:18 PM,9:21 PM,Berkeley Civic Center,Channing Way at Shattuck Ave
252,"May 13, 2022",17338,$0.00,6:19 PM,6:32 PM,Ninth St at Heinz Ave,Berkeley Civic Center
253,"May 13, 2022",17338,$0.00,4:57 PM,5:08 PM,Berkeley Civic Center,Ninth St at Heinz Ave
254,"May 13, 2022",17338,$0.00,3:30 PM,3:33 PM,Channing Way at Shattuck Ave,Berkeley Civic Center
255,"May 10, 2022",16662,$0.00,2:16 PM,2:31 PM,Ninth St at Heinz Ave,Berkeley Civic Center
256,"May 10, 2022",16647,$0.00,12:14 PM,12:24 PM,Berkeley Civic Center,Ninth St at Parker St
257,"May 9, 2022",16972,$0.00,2:10 PM,2:16 PM,Fulton St at Bancroft Way,MLK Jr Way at University Ave
258,"May 9, 2022",16972,$0.00,11:16 AM,11:20 AM,Berkeley Civic Center,Fulton St at Bancroft Way
259,"May 6, 2022",414-9548,$0.00,10:15 AM,10:27 AM,Berkeley Civic Center,Ninth St at Heinz Ave
260,"May 5, 2022",77915,$0.00,2:58 PM,3:04 PM,Fulton St at Bancroft Way,Berkeley Civic Center
261,"May 5, 2022",77915,$0.00,2:33 PM,2:39 PM,Downtown Berkeley BART,Fulton St at Bancroft Way
262,"May 4, 2022",414-9548,$0.00,10:08 PM,10:22 PM,Ninth St at Heinz Ave,Berkeley Civic Center
263,"May 4, 2022",414-9548,$0.00,8:11 PM,8:21 PM,Berkeley Civic Center,Ninth St at Heinz Ave
264,"May 2, 2022",11745,$0.00,8:12 PM,8:17 PM,Fulton St at Bancroft Way,MLK Jr Way at University Ave
265,"May 2, 2022",77599,$0.00,5:06 PM,5:09 PM,Berkeley Civic Center,Fulton St at Bancroft Way
266,"May 2, 2022",16647,$0.00,4:23 PM,4:39 PM,Ninth St at Heinz Ave,Berkeley Civic Center
267,"May 2, 2022",16663,$0.00,2:15 PM,2:27 PM,Berkeley Civic Center,Ninth St at Heinz Ave
268,"April 30, 2022",80435,$0.00,2:44 AM,2:46 AM,Channing Way at Shattuck Ave,Berkeley Civic Center
269,"April 29, 2022",728-1199,$0.00,7:44 PM,7:47 PM,Berkeley Civic Center,Channing Way at Shattuck Ave
270,"April 29, 2022",728-1199,$0.00,6:28 PM,6:33 PM,Bancroft Way at Telegraph Ave,Berkeley Civic Center
271,"April 29, 2022",16679,$0.00,5:19 PM,5:31 PM,Ninth St at Heinz Ave,Berkeley Civic Center
272,"April 29, 2022",16679,$0.00,3:20 PM,3:32 PM,Berkeley Civic Center,Ninth St at Heinz Ave
273,"April 27, 2022",833-8295,$0.00,12:15 PM,12:29 PM,Ninth St at Heinz Ave,MLK Jr Way at University Ave
274,"April 27, 2022",16605,$0.00,9:40 AM,9:50 AM,Berkeley Civic Center,Ninth St at Heinz Ave
275,"April 27, 2022",16679,$0.00,12:54 AM,12:57 AM,Fulton St at Bancroft Way,Berkeley Civic Center
276,"April 26, 2022",16605,$0.00,10:22 PM,10:27 PM,Berkeley Civic Center,Berkeley Civic Center
277,"April 26, 2022",16605,$0.00,10:47 AM,11:01 AM,Ninth St at Heinz Ave,Berkeley Civic Center
278,"April 26, 2022",79396,$0.00,8:28 AM,8:40 AM,Berkeley Civic Center,Ninth St at Heinz Ave
279,"April 25, 2022",221-4021,$0.00,6:03 PM,6:07 PM,Berkeley Civic Center,Fulton St at Bancroft Way
280,"April 25, 2022",221-4021,$0.00,1:56 PM,2:11 PM,Ninth St at Heinz Ave,Berkeley Civic Center
281,"April 25, 2022",310-4817,$0.00,10:57 AM,11:07 AM,Berkeley Civic Center,Ninth St at Heinz Ave
282,"April 24, 2022",790-2679,$0.00,6:11 PM,6:20 PM,Bancroft Way at College Ave,MLK Jr Way at University Ave
283,"April 23, 2022",17243,$0.00,12:01 PM,12:17 PM,Ninth St at Heinz Ave,MLK Jr Way at University Ave
284,"April 23, 2022",17243,$0.00,10:04 AM,10:15 AM,Berkeley Civic Center,Ninth St at Heinz Ave
285,"April 22, 2022",17243,$0.00,1:05 PM,1:19 PM,Ninth St at Heinz Ave,Berkeley Civic Center
286,"April 22, 2022",17243,$0.00,9:50 AM,10:01 AM,Berkeley Civic Center,Ninth St at Heinz Ave
287,"April 21, 2022",17147,$0.00,12:42 PM,1:04 PM,Ninth St at Heinz Ave,MLK Jr Way at University Ave
288,"April 21, 2022",17312,$0.00,10:48 AM,11:04 AM,Berkeley Civic Center,Ninth St at Parker St
289,"April 20, 2022",17312,$0.00,3:04 PM,3:17 PM,Ninth St at Heinz Ave,Berkeley Civic Center
290,"April 20, 2022",17312,$0.00,12:36 PM,12:47 PM,Berkeley Civic Center,Ninth St at Heinz Ave
291,"April 19, 2022",75534,$0.00,11:56 AM,12:10 PM,Ninth St at Heinz Ave,Berkeley Civic Center
292,"April 19, 2022",75534,$0.00,9:59 AM,10:10 AM,Berkeley Civic Center,Ninth St at Heinz Ave
293,"April 18, 2022",17243,$0.00,10:48 AM,11:00 AM,Ninth St at Heinz Ave,Berkeley Civic Center
294,"April 18, 2022",17243,$0.00,7:52 AM,8:02 AM,Berkeley Civic Center,Ninth St at Heinz Ave
295,"April 16, 2022",17312,$0.00,5:37 PM,5:41 PM,Fulton St at Bancroft Way,Berkeley Civic Center
296,"April 16, 2022",619-6828,$0.00,3:08 PM,3:11 PM,Berkeley Civic Center,Fulton St at Bancroft Way
297,"April 16, 2022",619-6828,$0.00,11:55 AM,12:07 PM,Ninth St at Heinz Ave,Berkeley Civic Center
298,"April 16, 2022",619-6828,$0.00,10:04 AM,10:15 AM,Berkeley Civic Center,Ninth St at Heinz Ave
299,"April 15, 2022",704-7210,$0.00,3:46 PM,4:05 PM,Ninth St at Heinz Ave,MLK Jr Way at University Ave
300,"April 15, 2022",704-7210,$0.00,2:24 PM,2:35 PM,Berkeley Civic Center,Ninth St at Heinz Ave
301,"April 14, 2022",17109,$0.00,9:00 AM,9:08 AM,Berkeley Civic Center,Ninth St at Parker St
302,"April 13, 2022",17109,$0.00,9:04 PM,9:09 PM,Fulton St at Bancroft Way,Berkeley Civic Center
303,"April 13, 2022",17109,$0.00,6:07 PM,6:10 PM,Berkeley Civic Center,Fulton St at Bancroft Way
304,"April 11, 2022",17301,$0.00,6:22 PM,6:37 PM,Ninth St at Heinz Ave,Berkeley Civic Center
305,"April 11, 2022",17301,$0.00,4:32 PM,4:45 PM,Berkeley Civic Center,Ninth St at Heinz Ave
306,"April 10, 2022",10816,$0.00,5:43 PM,5:48 PM,Fulton St at Bancroft Way,Berkeley Civic Center
307,"April 10, 2022",16543,$0.00,1:53 PM,1:56 PM,Berkeley Civic Center,Fulton St at Bancroft Way
308,"April 8, 2022",16620,$0.00,10:39 AM,10:51 AM,Ninth St at Heinz Ave,Berkeley Civic Center
309,"April 8, 2022",16620,$0.00,8:14 AM,8:25 AM,Berkeley Civic Center,Ninth St at Heinz Ave
310,"April 6, 2022",16727,$0.00,10:12 PM,10:25 PM,Ninth St at Heinz Ave,Berkeley Civic Center
311,"April 6, 2022",16727,$0.00,7:59 PM,8:09 PM,Fulton St at Bancroft Way,Ninth St at Heinz Ave
312,"April 6, 2022",16727,$0.00,6:18 PM,6:22 PM,Berkeley Civic Center,Fulton St at Bancroft Way
313,"April 5, 2022",75766,$0.00,9:36 AM,9:46 AM,Berkeley Civic Center,Ninth St at Heinz Ave
314,"April 4, 2022",75766,$0.00,1:20 PM,1:35 PM,Ninth St at Heinz Ave,Berkeley Civic Center
315,"April 4, 2022",16539,$0.00,10:29 AM,10:40 AM,Berkeley Civic Center,Ninth St at Heinz Ave
316,"April 2, 2022",67699,$0.00,2:02 PM,2:16 PM,Ninth St at Heinz Ave,Berkeley Civic Center
317,"April 2, 2022",67699,$0.00,11:53 AM,12:05 PM,Berkeley Civic Center,Ninth St at Heinz Ave
318,"April 1, 2022",16784,$0.00,10:59 AM,11:16 AM,Ninth St at Heinz Ave,Berkeley Civic Center
319,"April 1, 2022",16784,$0.00,8:12 AM,8:22 AM,Berkeley Civic Center,Ninth St at Heinz Ave
320,"April 1, 2022",14451,$0.00,8:11 AM,8:11 AM,Berkeley Civic Center,Berkeley Civic Center
321,"March 30, 2022",80844,$0.00,8:14 PM,8:24 PM,Fulton St at Bancroft Way,Berkeley Civic Center
322,"March 30, 2022",80844,$0.00,6:04 PM,6:07 PM,Berkeley Civic Center,Fulton St at Bancroft Way
323,"March 29, 2022",17127,$0.00,10:13 AM,10:33 AM,Ninth St at Heinz Ave,MLK Jr Way at University Ave
324,"March 29, 2022",17127,$0.00,8:12 AM,8:24 AM,Berkeley Civic Center,Ninth St at Heinz Ave
325,"March 11, 2022",668-2934,$0.00,10:12 AM,10:27 AM,Ninth St at Heinz Ave,Berkeley Civic Center
326,"March 11, 2022",16582,$0.00,7:48 AM,7:58 AM,Berkeley Civic Center,Ninth St at Heinz Ave
327,"March 10, 2022",17158,$0.00,6:45 PM,7:02 PM,Ninth St at Heinz Ave,Berkeley Civic Center
328,"March 10, 2022",17158,$0.00,4:49 PM,5:01 PM,Berkeley Civic Center,Ninth St at Heinz Ave
329,"March 9, 2022",17158,$0.00,8:19 PM,8:23 PM,Fulton St at Bancroft Way,Berkeley Civic Center
330,"March 9, 2022",16727,$0.00,5:51 PM,5:54 PM,Berkeley Civic Center,Fulton St at Bancroft Way
331,"March 6, 2022",16727,$0.00,10:43 PM,10:47 PM,Fulton St at Bancroft Way,Berkeley Civic Center
332,"March 6, 2022",16727,$0.00,7:03 PM,7:07 PM,Berkeley Civic Center,Fulton St at Bancroft Way
333,"March 5, 2022",17228,$0.00,11:53 AM,12:08 PM,Ninth St at Heinz Ave,Berkeley Civic Center
334,"March 5, 2022",17228,$0.00,10:01 AM,10:12 AM,Berkeley Civic Center,Ninth St at Heinz Ave
335,"March 4, 2022",17228,$0.00,10:59 PM,11:01 PM,Channing Way at Shattuck Ave,Berkeley Civic Center
336,"March 4, 2022",80696,$0.00,8:28 PM,8:31 PM,Berkeley Civic Center,Channing Way at Shattuck Ave
337,"March 4, 2022",80696,$0.00,11:58 AM,12:01 PM,Channing Way at Shattuck Ave,Berkeley Civic Center
338,"March 3, 2022",68132,$0.00,11:55 AM,12:17 PM,Ninth St at Heinz Ave,Berkeley Civic Center
339,"March 3, 2022",16549,$0.00,10:14 AM,10:25 AM,Berkeley Civic Center,Ninth St at Heinz Ave
340,"March 2, 2022",16742,$0.00,11:53 AM,12:08 PM,Ninth St at Heinz Ave,MLK Jr Way at University Ave
341,"March 2, 2022",67776,$0.00,9:10 AM,9:22 AM,Berkeley Civic Center,Ninth St at Heinz Ave
342,"March 1, 2022",16571,$0.00,10:52 PM,10:59 PM,Haste St at Telegraph Ave,Berkeley Civic Center
343,"February 27, 2022",,$0.00,6:01 PM,6:03 PM,Channing Way at Shattuck Ave,Berkeley Civic Center
344,"February 27, 2022",,$0.00,2:58 PM,3:01 PM,Berkeley Civic Center,Fulton St at Bancroft Way
345,"February 27, 2022",,$0.00,12:03 PM,12:19 PM,Ninth St at Heinz Ave,MLK Jr Way at University Ave
346,"February 27, 2022",,$0.00,10:06 AM,10:22 AM,Berkeley Civic Center,Ninth St at Heinz Ave
347,"February 26, 2022",,$0.00,3:14 PM,3:31 PM,Ninth St at Heinz Ave,MLK Jr Way at University Ave
348,"February 26, 2022",,$0.00,12:10 PM,12:23 PM,Berkeley Civic Center,Ninth St at Heinz Ave
349,"February 24, 2022",,$0.00,11:28 AM,11:42 AM,Ninth St at Heinz Ave,MLK Jr Way at University Ave
350,"February 24, 2022",,$0.00,9:12 AM,9:24 AM,Berkeley Civic Center,Ninth St at Heinz Ave
351,"February 24, 2022",,$0.00,9:11 AM,9:11 AM,Berkeley Civic Center,Berkeley Civic Center
352,"February 23, 2022",,$0.00,7:57 PM,8:04 PM,Bancroft Way at College Ave,Berkeley Civic Center
353,"February 22, 2022",,$0.00,9:32 PM,9:37 PM,Bancroft Way at Telegraph Ave,Berkeley Civic Center
354,"February 22, 2022",,$0.00,2:36 PM,2:47 PM,Berkeley Civic Center,Ninth St at Heinz Ave
355,"February 21, 2022",,$0.00,11:16 PM,11:18 PM,Channing Way at Shattuck Ave,Berkeley Civic Center
356,"February 21, 2022",,$0.00,2:34 PM,2:36 PM,Channing Way at Shattuck Ave,Berkeley Civic Center
357,"February 19, 2022",,$0.00,8:06 AM,8:09 AM,Berkeley Civic Center,Channing Way at Shattuck Ave
358,"February 18, 2022",,$0.00,9:44 PM,9:49 PM,MLK Jr Way at University Ave,Channing Way at Shattuck Ave
359,"February 18, 2022",,$0.00,3:45 PM,3:49 PM,Fulton St at Bancroft Way,Berkeley Civic Center
360,"February 18, 2022",,$0.00,3:25 PM,3:28 PM,Berkeley Civic Center,Fulton St at Bancroft Way
361,"February 18, 2022",,$0.00,7:19 AM,7:30 AM,Berkeley Civic Center,Ninth St at Heinz Ave
362,"February 17, 2022",,$0.00,10:04 AM,10:23 AM,Ninth St at Heinz Ave,MLK Jr Way at University Ave
363,"February 17, 2022",,$0.00,7:48 AM,7:59 AM,Berkeley Civic Center,Ninth St at Heinz Ave
364,"February 16, 2022",,$0.00,8:16 PM,8:23 PM,Bancroft Way at College Ave,MLK Jr Way at University Ave
365,"February 16, 2022",,$0.00,12:33 PM,12:44 PM,Berkeley Civic Center,Ninth St at Heinz Ave
366,"February 15, 2022",,$0.00,12:18 PM,12:33 PM,Ninth St at Heinz Ave,Berkeley Civic Center
367,"February 15, 2022",,$0.00,10:08 AM,10:19 AM,Berkeley Civic Center,Ninth St at Heinz Ave
368,"February 14, 2022",,$0.00,9:44 AM,9:57 AM,Ninth St at Heinz Ave,Berkeley Civic Center
369,"February 14, 2022",,$0.00,7:27 AM,7:37 AM,Berkeley Civic Center,Ninth St at Heinz Ave
370,"February 12, 2022",,$0.00,9:40 PM,9:45 PM,Bancroft Way at Telegraph Ave,Berkeley Civic Center
371,"February 11, 2022",,$0.00,10:16 AM,10:29 AM,Ninth St at Heinz Ave,Berkeley Civic Center
372,"February 11, 2022",,$0.00,7:39 AM,7:50 AM,Berkeley Civic Center,Ninth St at Heinz Ave
373,"February 10, 2022",,$0.00,10:56 AM,11:14 AM,Ninth St at Heinz Ave,MLK Jr Way at University Ave
374,"February 10, 2022",,$0.00,8:15 AM,8:25 AM,Berkeley Civic Center,Ninth St at Heinz Ave
375,"February 9, 2022",,$0.00,8:11 PM,8:17 PM,Bancroft Way at College Ave,Berkeley Civic Center
376,"February 9, 2022",,$0.00,6:06 PM,6:19 PM,Ninth St at Heinz Ave,Berkeley Civic Center
377,"February 9, 2022",,$0.00,4:54 PM,5:03 PM,Berkeley Civic Center,Ninth St at Heinz Ave
378,"February 8, 2022",,$0.00,4:00 PM,4:05 PM,Hearst Ave at Euclid Ave,Berkeley Civic Center
379,"February 8, 2022",,$0.00,11:35 AM,11:47 AM,Ninth St at Heinz Ave,Berkeley Civic Center
380,"February 8, 2022",,$0.00,10:04 AM,10:17 AM,Berkeley Civic Center,Ninth St at Heinz Ave
381,"February 4, 2022",,$0.00,12:38 PM,12:41 PM,Berkeley Civic Center,Fulton St at Bancroft Way
382,"February 4, 2022",,$0.00,11:24 AM,11:38 AM,Ninth St at Heinz Ave,Berkeley Civic Center
383,"February 4, 2022",,$0.00,9:17 AM,9:27 AM,Berkeley Civic Center,Ninth St at Heinz Ave
384,"February 3, 2022",,$0.00,5:23 PM,5:36 PM,Berkeley Civic Center,Ninth St at Parker St
385,"February 2, 2022",17239,$0.00,7:46 AM,7:57 AM,Berkeley Civic Center,Ninth St at Heinz Ave
386,"February 1, 2022",17047,$0.00,9:40 AM,9:52 AM,Ninth St at Parker St,Berkeley Civic Center
387,"February 1, 2022",68271,$0.00,9:36 AM,9:39 AM,Ninth St at Heinz Ave,Ninth St at Parker St
388,"February 1, 2022",77110,$0.00,9:35 AM,9:35 AM,Ninth St at Heinz Ave,Ninth St at Heinz Ave
389,"February 1, 2022",77576,$0.00,7:25 AM,7:37 AM,Berkeley Civic Center,Ninth St at Heinz Ave
390,"January 31, 2022",77277,$0.00,4:22 PM,4:27 PM,Hearst Ave at Euclid Ave,Berkeley Civic Center
391,"January 31, 2022",16728,$0.00,10:48 AM,10:51 AM,Berkeley Civic Center,Channing Way at Shattuck Ave
392,"January 31, 2022",17239,$0.00,9:51 AM,10:04 AM,Ninth St at Heinz Ave,Berkeley Civic Center
393,"January 31, 2022",17239,$0.00,7:36 AM,7:49 AM,Berkeley Civic Center,Ninth St at Heinz Ave
394,"January 30, 2022",16728,$0.00,6:48 PM,6:50 PM,Channing Way at Shattuck Ave,Berkeley Civic Center
395,"January 30, 2022",11987,$0.00,3:17 PM,3:19 PM,Berkeley Civic Center,Channing Way at Shattuck Ave
396,"January 29, 2022",17239,$0.00,3:57 PM,4:13 PM,Ninth St at Heinz Ave,Berkeley Civic Center
397,"January 29, 2022",77544,$0.00,1:26 PM,1:37 PM,Berkeley Civic Center,Ninth St at Heinz Ave
398,"January 28, 2022",77110,$0.00,1:09 PM,1:19 PM,Berkeley Civic Center,Ninth St at Heinz Ave
399,"January 27, 2022",16505,$0.00,11:37 AM,11:53 AM,Ninth St at Heinz Ave,MLK Jr Way at University Ave
400,"January 27, 2022",16505,$0.00,9:31 AM,9:42 AM,Berkeley Civic Center,Ninth St at Heinz Ave
401,"January 26, 2022",16505,$0.00,8:30 PM,8:34 PM,Fulton St at Bancroft Way,Berkeley Civic Center
402,"January 26, 2022",16505,$0.00,8:21 PM,8:21 PM,Fulton St at Bancroft Way,Fulton St at Bancroft Way
403,"January 26, 2022",16505,$0.00,7:08 PM,7:11 PM,Berkeley Civic Center,Fulton St at Bancroft Way
404,"January 26, 2022",17281,$0.00,3:07 PM,3:22 PM,Ninth St at Heinz Ave,Berkeley Civic Center
405,"January 26, 2022",17281,$0.00,12:55 PM,1:08 PM,Berkeley Civic Center,Ninth St at Heinz Ave
406,"January 25, 2022",68386,$0.00,9:23 PM,9:27 PM,Fulton St at Bancroft Way,Berkeley Civic Center
407,"January 25, 2022",17201,$0.00,6:49 PM,6:52 PM,Berkeley Civic Center,Fulton St at Bancroft Way
408,"January 25, 2022",17044,$0.00,3:47 PM,3:52 PM,Fulton St at Bancroft Way,MLK Jr Way at University Ave
409,"January 25, 2022",78645,$0.00,3:32 PM,3:35 PM,Berkeley Civic Center,Fulton St at Bancroft Way
410,"January 24, 2022",17201,$0.00,3:49 PM,4:04 PM,Ninth St at Heinz Ave,Berkeley Civic Center
411,"January 24, 2022",80696,$0.00,1:57 PM,2:08 PM,Berkeley Civic Center,Ninth St at Heinz Ave
412,"January 23, 2022",15065,$0.00,1:37 PM,1:48 PM,Berkeley Civic Center,Ninth St at Heinz Ave
413,"January 20, 2022",11941,$0.00,11:57 AM,12:01 PM,Fulton St at Bancroft Way,Berkeley Civic Center
414,"January 20, 2022",67699,$0.00,11:44 AM,11:47 AM,Berkeley Civic Center,Fulton St at Bancroft Way
415,"January 19, 2022",80696,$0.00,10:39 AM,10:52 AM,Ninth St at Heinz Ave,Berkeley Civic Center
416,"January 19, 2022",17132,$0.00,8:37 AM,8:46 AM,Berkeley Civic Center,Ninth St at Parker St
417,"January 18, 2022",17132,$0.00,5:37 PM,5:49 PM,Ninth St at Heinz Ave,Berkeley Civic Center
418,"January 18, 2022",16726,$0.00,3:51 PM,4:03 PM,Berkeley Civic Center,Ninth St at Parker St
419,"January 14, 2022",13586,$0.00,4:02 PM,4:05 PM,Channing Way at Shattuck Ave,Berkeley Civic Center
420,"January 14, 2022",16728,$0.00,9:32 AM,9:46 AM,Berkeley Civic Center,Ninth St at Heinz Ave
421,"January 12, 2022",16728,$0.00,12:38 PM,1:00 PM,Ninth St at Heinz Ave,Berkeley Civic Center
422,"January 12, 2022",16728,$0.00,10:31 AM,10:42 AM,Berkeley Civic Center,Ninth St at Heinz Ave
423,"January 11, 2022",17199,$0.00,1:00 PM,1:14 PM,Ninth St at Heinz Ave,Berkeley Civic Center
424,"January 11, 2022",17199,$0.00,10:08 AM,10:18 AM,Berkeley Civic Center,Ninth St at Heinz Ave
425,"January 10, 2022",12638,$0.00,1:26 PM,1:41 PM,Ninth St at Heinz Ave,MLK Jr Way at University Ave
426,"January 10, 2022",12638,$0.00,11:14 AM,11:24 AM,Berkeley Civic Center,Ninth St at Heinz Ave
427,"January 8, 2022",17044,$0.00,12:42 PM,12:54 PM,Ninth St at Heinz Ave,Berkeley Civic Center
428,"January 8, 2022",80117,$0.00,10:56 AM,11:06 AM,Berkeley Civic Center,Ninth St at Heinz Ave
429,"January 7, 2022",80696,$0.00,11:45 AM,11:59 AM,Berkeley Civic Center,Ninth St at Heinz Ave
430,"January 5, 2022",16597,$0.00,3:30 PM,3:50 PM,Ninth St at Heinz Ave,Berkeley Civic Center
431,"January 5, 2022",10257,$0.00,1:31 PM,1:40 PM,Berkeley Civic Center,Ninth St at Heinz Ave
432,"December 18, 2021",17206,$3.28,3:00 PM,3:03 PM,Channing Way at Shattuck Ave,Berkeley Civic Center
433,"December 18, 2021",14554,$3.28,12:15 PM,12:17 PM,Berkeley Civic Center,Channing Way at Shattuck Ave
434,"December 18, 2021",14554,$3.28,3:09 AM,3:11 AM,Channing Way at Shattuck Ave,Berkeley Civic Center
435,"December 17, 2021",12841,$3.28,11:30 PM,11:32 PM,Berkeley Civic Center,Channing Way at Shattuck Ave
436,"December 16, 2021",80629,$3.28,11:21 PM,11:26 PM,Hearst Ave at Euclid Ave,Berkeley Civic Center
437,"December 14, 2021",17217,$3.28,6:27 PM,6:33 PM,Bancroft Way at College Ave,Berkeley Civic Center
438,"December 13, 2021",81217,$3.28,11:34 AM,11:45 AM,Berkeley Civic Center,Ninth St at Heinz Ave
439,"December 10, 2021",17245,$0.00,4:48 PM,5:04 PM,Ninth St at Heinz Ave,MLK Jr Way at University Ave
440,"December 10, 2021",77004,$0.00,2:20 PM,2:29 PM,Berkeley Civic Center,Ninth St at Heinz Ave
441,"December 8, 2021",17245,$0.00,5:46 PM,6:01 PM,Ninth St at Heinz Ave,MLK Jr Way at University Ave
442,"December 8, 2021",79922,$0.00,3:39 PM,3:51 PM,Berkeley Civic Center,Ninth St at Heinz Ave
443,"December 7, 2021",17271,$0.00,11:30 AM,11:33 AM,Berkeley Civic Center,Fulton St at Bancroft Way
444,"December 7, 2021",77110,$0.00,9:44 AM,10:00 AM,Ninth St at Heinz Ave,Berkeley Civic Center
445,"December 7, 2021",77110,$0.00,7:54 AM,8:05 AM,Berkeley Civic Center,Ninth St at Heinz Ave
446,"December 6, 2021",16652,$0.00,11:42 AM,11:55 AM,Ninth St at Heinz Ave,Berkeley Civic Center
447,"December 6, 2021",16652,$0.00,9:52 AM,10:03 AM,Berkeley Civic Center,Ninth St at Heinz Ave
448,"December 5, 2021",17338,$0.00,3:26 PM,3:30 PM,Fulton St at Bancroft Way,Berkeley Civic Center
449,"December 3, 2021",12849,$0.00,3:01 PM,3:14 PM,Ninth St at Heinz Ave,Berkeley Civic Center
450,"December 3, 2021",17325,$0.00,1:25 PM,1:37 PM,Berkeley Civic Center,Ninth St at Heinz Ave
451,"December 2, 2021",77110,$0.00,3:37 PM,3:47 PM,Berkeley Civic Center,Ninth St at Heinz Ave
452,"December 2, 2021",14466,$0.00,9:34 AM,9:40 AM,Bancroft Way at College Ave,Berkeley Civic Center
453,"November 30, 2021",14613,$0.00,4:28 PM,4:41 PM,Ninth St at Heinz Ave,MLK Jr Way at University Ave
454,"November 30, 2021",80473,$0.00,2:56 PM,3:06 PM,Berkeley Civic Center,Ninth St at Heinz Ave
455,"November 29, 2021",79922,$0.00,7:45 PM,7:49 PM,Fulton St at Bancroft Way,Berkeley Civic Center
456,"November 29, 2021",79922,$0.00,5:32 PM,5:35 PM,Berkeley Civic Center,Fulton St at Bancroft Way
457,"November 23, 2021",17245,$0.00,12:59 PM,1:08 PM,10th St at University Ave,MLK Jr Way at University Ave
458,"November 23, 2021",80083,$0.00,12:58 PM,12:58 PM,10th St at University Ave,10th St at University Ave
459,"November 23, 2021",12346,$0.00,12:26 PM,12:57 PM,Ninth St at Heinz Ave,10th St at University Ave
460,"November 23, 2021",12346,$0.00,9:22 AM,9:33 AM,Berkeley Civic Center,Ninth St at Heinz Ave
461,"November 22, 2021",13215,$0.00,7:52 PM,7:56 PM,Fulton St at Bancroft Way,Berkeley Civic Center
462,"November 22, 2021",67784,$0.00,5:28 PM,5:32 PM,Downtown Berkeley BART,Fulton St at Bancroft Way
463,"November 22, 2021",78189,$0.00,2:01 PM,2:14 PM,Ninth St at Heinz Ave,Berkeley Civic Center
464,"November 22, 2021",12041,$0.00,12:24 PM,12:36 PM,Berkeley Civic Center,Ninth St at Heinz Ave
465,"November 21, 2021",68066,$0.00,3:58 PM,4:11 PM,Ninth St at Heinz Ave,Berkeley Civic Center
466,"November 21, 2021",13816,$0.00,3:04 PM,3:15 PM,Berkeley Civic Center,Ninth St at Heinz Ave
467,"November 21, 2021",12041,$0.00,12:13 AM,12:16 AM,Fulton St at Bancroft Way,Berkeley Civic Center
468,"November 20, 2021",13816,$0.00,6:55 PM,7:00 PM,Bancroft Way at Telegraph Ave,Berkeley Civic Center
469,"November 20, 2021",20180,$0.00,4:36 PM,4:39 PM,Berkeley Civic Center,Fulton St at Bancroft Way
470,"November 19, 2021",17044,$0.00,2:54 PM,3:06 PM,Ninth St at Heinz Ave,Berkeley Civic Center
471,"November 19, 2021",10435,$0.00,1:07 PM,1:17 PM,Berkeley Civic Center,Ninth St at Heinz Ave
472,"November 18, 2021",17206,$0.00,8:30 PM,8:35 PM,Fulton St at Bancroft Way,Berkeley Civic Center
473,"November 18, 2021",17206,$0.00,5:35 PM,5:38 PM,Berkeley Civic Center,Fulton St at Bancroft Way
474,"November 17, 2021",12346,$0.00,8:08 PM,8:19 PM,Berkeley Civic Center,Berkeley Civic Center
475,"November 17, 2021",12346,$0.00,7:38 PM,7:42 PM,Fulton St at Bancroft Way,Berkeley Civic Center
476,"November 17, 2021",12346,$0.00,6:04 PM,6:07 PM,Berkeley Civic Center,Fulton St at Bancroft Way
477,"November 17, 2021",12346,$0.00,1:10 PM,1:25 PM,Ninth St at Heinz Ave,Berkeley Civic Center
478,"November 17, 2021",80521,$0.00,11:26 AM,11:28 AM,Ninth St at Parker St,Ninth St at Heinz Ave
479,"November 17, 2021",78581,$0.00,11:14 AM,11:24 AM,Berkeley Civic Center,Ninth St at Parker St
480,"November 16, 2021",17228,$0.00,6:32 PM,6:54 PM,Berkeley Civic Center,MLK Jr Way at University Ave
481,"November 15, 2021",77299,$0.00,8:05 PM,8:10 PM,Fulton St at Bancroft Way,Berkeley Civic Center
482,"November 15, 2021",77299,$0.00,5:22 PM,5:25 PM,Berkeley Civic Center,Fulton St at Bancroft Way
483,"November 15, 2021",68241,$0.00,1:44 PM,1:57 PM,Ninth St at Heinz Ave,Berkeley Civic Center
484,"November 15, 2021",78053,$0.00,12:05 PM,12:14 PM,Berkeley Civic Center,Ninth St at Heinz Ave
485,"November 14, 2021",13567,$0.00,11:32 AM,11:52 AM,Ninth St at Heinz Ave,MLK Jr Way at University Ave
486,"November 14, 2021",13567,$0.00,9:58 AM,10:08 AM,Berkeley Civic Center,Ninth St at Heinz Ave
487,"November 13, 2021",68302,$0.00,7:17 PM,7:23 PM,Bancroft Way at Telegraph Ave,Berkeley Civic Center
488,"November 12, 2021",16549,$0.00,1:11 PM,1:24 PM,Ninth St at Heinz Ave,Berkeley Civic Center
489,"November 12, 2021",12556,$0.00,11:05 AM,11:16 AM,Berkeley Civic Center,Ninth St at Heinz Ave
490,"November 11, 2021",16532,$0.00,12:56 PM,1:08 PM,Ninth St at Heinz Ave,Berkeley Civic Center
491,"November 11, 2021",16532,$0.00,10:56 AM,11:06 AM,Berkeley Civic Center,Ninth St at Heinz Ave
492,"November 10, 2021",79531,$0.00,8:07 PM,8:10 PM,Fulton St at Bancroft Way,Berkeley Civic Center
493,"November 10, 2021",79531,$0.00,6:02 PM,6:06 PM,Berkeley Civic Center,Fulton St at Bancroft Way
494,"November 10, 2021",12198,$0.00,11:05 AM,11:13 AM,Bancroft Way at College Ave,MLK Jr Way at University Ave
495,"November 10, 2021",80513,$0.00,10:07 AM,10:21 AM,Ninth St at Heinz Ave,Fulton St at Bancroft Way
496,"November 10, 2021",80513,$0.00,8:21 AM,8:32 AM,Berkeley Civic Center,Ninth St at Heinz Ave
497,"November 9, 2021",79531,$0.00,3:54 PM,3:59 PM,Bancroft Way at Telegraph Ave,Berkeley Civic Center
498,"November 9, 2021",12893,$0.00,9:34 AM,9:42 AM,Bancroft Way at College Ave,Berkeley Civic Center
499,"November 8, 2021",10876,$0.00,7:09 PM,7:12 PM,Fulton St at Bancroft Way,Berkeley Civic Center
500,"November 8, 2021",10876,$0.00,5:09 PM,5:13 PM,Berkeley Civic Center,Fulton St at Bancroft Way
501,"November 8, 2021",17061,$0.00,11:12 AM,11:25 AM,Ninth St at Heinz Ave,Berkeley Civic Center
502,"November 8, 2021",17061,$0.00,9:20 AM,9:30 AM,Berkeley Civic Center,Ninth St at Heinz Ave
503,"November 5, 2021",81274,$0.00,4:39 PM,4:43 PM,Berkeley Civic Center,Fulton St at Bancroft Way
504,"November 5, 2021",81274,$0.00,12:51 PM,1:12 PM,Ninth St at Heinz Ave,Berkeley Civic Center
505,"November 5, 2021",80521,$0.00,11:01 AM,11:12 AM,Berkeley Civic Center,Ninth St at Parker St
506,"November 4, 2021",13776,$0.00,9:31 AM,9:38 AM,Bancroft Way at College Ave,Berkeley Civic Center
507,"November 3, 2021",80024,$0.00,6:34 PM,6:37 PM,Berkeley Civic Center,Fulton St at Bancroft Way
508,"November 3, 2021",17225,$0.00,10:47 AM,10:59 AM,Ninth St at Heinz Ave,Berkeley Civic Center
509,"November 3, 2021",81274,$0.00,9:03 AM,9:13 AM,Berkeley Civic Center,Ninth St at Heinz Ave
510,"October 30, 2021",12980,$0.00,11:42 AM,11:45 AM,Berkeley Civic Center,Fulton St at Bancroft Way
511,"October 29, 2021",12980,$0.00,11:35 PM,11:39 PM,Bancroft Way at Telegraph Ave,Berkeley Civic Center
512,"October 29, 2021",12086,$0.00,9:45 PM,9:48 PM,Berkeley Civic Center,Channing Way at Shattuck Ave
513,"October 29, 2021",13776,$0.00,10:12 AM,10:25 AM,Ninth St at Heinz Ave,Berkeley Civic Center
514,"October 29, 2021",13776,$0.00,7:54 AM,8:05 AM,Berkeley Civic Center,Ninth St at Heinz Ave
515,"October 27, 2021",77564,$0.00,6:18 PM,6:23 PM,Berkeley Civic Center,Channing Way at Shattuck Ave
516,"October 27, 2021",80521,$0.00,10:50 AM,11:04 AM,Ninth St at Heinz Ave,Berkeley Civic Center
517,"October 27, 2021",13595,$0.00,8:35 AM,8:46 AM,Berkeley Civic Center,Ninth St at Heinz Ave
518,"October 25, 2021",67536,$0.00,9:15 PM,9:20 PM,Bancroft Way at Telegraph Ave,Berkeley Civic Center
519,"October 25, 2021",13776,$0.00,11:11 AM,11:23 AM,Ninth St at Heinz Ave,Berkeley Civic Center
520,"October 25, 2021",80521,$0.00,9:21 AM,9:32 AM,Berkeley Civic Center,Ninth St at Heinz Ave
521,"October 24, 2021",16537,$0.00,5:10 PM,5:35 PM,Ninth St at Heinz Ave,MLK Jr Way at University Ave
522,"October 24, 2021",79327,$0.00,4:12 PM,4:23 PM,Channing Way at Shattuck Ave,Ninth St at Heinz Ave
523,"October 23, 2021",13595,$0.00,1:17 AM,1:19 AM,Channing Way at Shattuck Ave,Berkeley Civic Center
524,"October 22, 2021",17325,$0.00,11:52 AM,12:05 PM,Ninth St at Heinz Ave,Berkeley Civic Center
525,"October 22, 2021",77330,$0.00,9:32 AM,9:48 AM,MLK Jr Way at University Ave,Ninth St at Heinz Ave
526,"October 21, 2021",80340,$0.00,9:35 AM,9:46 AM,Bancroft Way at College Ave,MLK Jr Way at University Ave
527,"October 20, 2021",77211,$0.00,9:19 PM,9:23 PM,Fulton St at Bancroft Way,Berkeley Civic Center
528,"October 20, 2021",77211,$0.00,6:07 PM,6:11 PM,Berkeley Civic Center,Fulton St at Bancroft Way
529,"October 20, 2021",77211,$0.00,3:06 PM,3:11 PM,Hearst Ave at Euclid Ave,Berkeley Civic Center
530,"October 20, 2021",77599,$0.00,11:27 AM,11:41 AM,Ninth St at Heinz Ave,Berkeley Civic Center
531,"October 20, 2021",77599,$0.00,10:02 AM,10:12 AM,Berkeley Civic Center,Ninth St at Heinz Ave
532,"October 19, 2021",77599,$0.00,3:47 PM,4:31 PM,Ninth St at Heinz Ave,Berkeley Civic Center
533,"October 19, 2021",77599,$0.00,1:41 PM,1:51 PM,Berkeley Civic Center,Ninth St at Heinz Ave
534,"October 18, 2021",17217,$0.00,6:01 PM,6:13 PM,Ninth St at Heinz Ave,Berkeley Civic Center
535,"October 18, 2021",16605,$0.00,4:17 PM,4:27 PM,Berkeley Civic Center,Ninth St at Heinz Ave
536,"October 17, 2021",68042,$0.00,2:51 AM,2:53 AM,Channing Way at Shattuck Ave,Berkeley Civic Center
537,"October 16, 2021",12346,$0.00,10:18 PM,10:21 PM,Berkeley Civic Center,Channing Way at Shattuck Ave
538,"October 15, 2021",17076,$0.00,10:28 AM,10:41 AM,Ninth St at Heinz Ave,Berkeley Civic Center
539,"October 15, 2021",80122,$0.00,7:26 AM,7:34 AM,Berkeley Civic Center,San Pablo Park
540,"October 13, 2021",17310,$0.00,9:48 AM,10:00 AM,Ninth St at Heinz Ave,Berkeley Civic Center
541,"October 13, 2021",78087,$0.00,7:34 AM,7:43 AM,Berkeley Civic Center,Ninth St at Parker St
542,"October 11, 2021",17246,$0.00,10:20 AM,10:34 AM,Ninth St at Heinz Ave,Berkeley Civic Center
543,"October 11, 2021",11505,$0.00,7:12 AM,7:19 AM,Channing Way at Shattuck Ave,Channing Way at San Pablo Ave
544,"October 9, 2021",17259,$0.00,2:11 PM,2:33 PM,Ninth St at Heinz Ave,Channing Way at Shattuck Ave
545,"October 8, 2021",16998,$0.00,11:49 AM,12:03 PM,Ninth St at Heinz Ave,Berkeley Civic Center
546,"October 8, 2021",17186,$0.00,8:06 AM,8:16 AM,Berkeley Civic Center,San Pablo Park
547,"October 8, 2021",17314,$0.00,8:05 AM,8:05 AM,Berkeley Civic Center,Berkeley Civic Center
548,"October 6, 2021",17315,$0.00,8:20 PM,8:23 PM,Fulton St at Bancroft Way,Berkeley Civic Center
549,"October 6, 2021",67964,$0.00,5:58 PM,6:00 PM,Berkeley Civic Center,Fulton St at Bancroft Way
550,"October 6, 2021",67964,$0.00,10:47 AM,11:00 AM,Ninth St at Heinz Ave,Berkeley Civic Center
551,"October 6, 2021",16666,$0.00,8:20 AM,8:31 AM,Berkeley Civic Center,Ninth St at Heinz Ave
552,"October 3, 2021",16571,$0.00,4:49 PM,5:15 PM,Ninth St at Heinz Ave,MLK Jr Way at University Ave
553,"October 3, 2021",16571,$0.00,2:34 PM,2:44 PM,Berkeley Civic Center,Ninth St at Heinz Ave
554,"October 1, 2021",17044,$0.00,11:06 PM,11:14 PM,Bancroft Way at College Ave,Berkeley Civic Center
555,"October 1, 2021",17336,$0.00,6:42 PM,6:47 PM,Bancroft Way at Telegraph Ave,Berkeley Civic Center
556,"October 1, 2021",16571,$0.00,4:29 PM,4:46 PM,Ninth St at Heinz Ave,Addison St at Fourth St
557,"October 1, 2021",16998,$0.00,10:33 AM,10:46 AM,Ninth St at Heinz Ave,Berkeley Civic Center
558,"October 1, 2021",77488,$0.00,10:32 AM,10:32 AM,Ninth St at Heinz Ave,Ninth St at Heinz Ave
559,"October 1, 2021",16571,$0.00,8:46 AM,8:56 AM,Berkeley Civic Center,Ninth St at Heinz Ave
560,"September 29, 2021",68380,$0.00,9:34 AM,9:47 AM,Ninth St at Heinz Ave,Berkeley Civic Center
561,"September 29, 2021",81135,$0.00,7:39 AM,7:51 AM,Berkeley Civic Center,Ninth St at Heinz Ave
562,"September 25, 2021",11987,$0.00,5:14 PM,5:27 PM,Ninth St at Heinz Ave,Berkeley Civic Center
563,"September 25, 2021",11987,$0.00,2:16 PM,2:26 PM,Berkeley Civic Center,Ninth St at Heinz Ave
564,"September 24, 2021",67564,$0.00,9:21 AM,9:36 AM,Ninth St at Heinz Ave,MLK Jr Way at University Ave
565,"September 24, 2021",79185,$0.00,7:16 AM,7:26 AM,Berkeley Civic Center,Ninth St at Heinz Ave
566,"September 23, 2021",67071,$0.00,5:22 PM,5:27 PM,Hearst Ave at Euclid Ave,Fulton St at Bancroft Way
567,"September 22, 2021",12347,$0.00,9:37 AM,9:50 AM,Ninth St at Heinz Ave,Berkeley Civic Center
568,"September 22, 2021",12347,$0.00,7:33 AM,7:44 AM,Berkeley Civic Center,Ninth St at Heinz Ave
569,"September 21, 2021",67318,$0.00,11:26 AM,11:32 AM,Bancroft Way at Telegraph Ave,MLK Jr Way at University Ave
570,"September 20, 2021",80280,$0.00,9:34 AM,9:49 AM,Ninth St at Heinz Ave,MLK Jr Way at University Ave
571,"September 20, 2021",80280,$0.00,8:00 AM,8:10 AM,Berkeley Civic Center,Ninth St at Heinz Ave
572,"September 17, 2021",67071,$0.00,6:45 PM,6:51 PM,Bancroft Way at College Ave,Berkeley Civic Center
573,"September 17, 2021",79321,$0.00,9:41 AM,9:56 AM,Ninth St at Heinz Ave,Berkeley Civic Center
574,"September 17, 2021",67237,$0.00,7:34 AM,7:45 AM,Berkeley Civic Center,Ninth St at Heinz Ave
575,"September 16, 2021",68361,$0.00,2:17 PM,2:25 PM,Berkeley Civic Center,Hearst Ave at Euclid Ave
576,"September 16, 2021",79489,$0.00,11:49 AM,11:53 AM,Hearst Ave at Euclid Ave,MLK Jr Way at University Ave
577,"September 15, 2021",12448,$0.00,9:39 AM,9:51 AM,Ninth St at Heinz Ave,Berkeley Civic Center
578,"September 15, 2021",12448,$0.00,9:24 AM,9:26 AM,Ninth St at Heinz Ave,Ninth St at Heinz Ave
579,"September 15, 2021",12448,$0.00,7:17 AM,7:27 AM,Berkeley Civic Center,Ninth St at Heinz Ave
580,"September 13, 2021",12448,$0.00,9:43 AM,9:57 AM,Ninth St at Heinz Ave,Berkeley Civic Center
581,"September 13, 2021",12448,$0.00,7:52 AM,8:02 AM,Berkeley Civic Center,Ninth St at Heinz Ave
582,"September 12, 2021",12448,$0.00,11:29 PM,11:31 PM,Channing Way at Shattuck Ave,Berkeley Civic Center
583,"September 12, 2021",12448,$0.00,9:39 PM,9:41 PM,Berkeley Civic Center,Channing Way at Shattuck Ave
584,"September 11, 2021",68188,$0.00,1:05 PM,1:34 PM,Ninth St at Heinz Ave,MLK Jr Way at University Ave
585,"September 11, 2021",10831,$0.00,11:24 AM,11:36 AM,Berkeley Civic Center,Ninth St at Heinz Ave
586,"September 10, 2021",77224,$0.00,11:41 AM,11:46 AM,Hearst Ave at Euclid Ave,Berkeley Civic Center
587,"September 8, 2021",11328,$0.00,7:27 AM,7:32 AM,Berkeley Civic Center,Parker St at Fulton St
588,"September 6, 2021",13776,$0.00,1:16 PM,1:30 PM,Ninth St at Heinz Ave,Berkeley Civic Center
589,"September 6, 2021",13776,$0.00,11:07 AM,11:18 AM,Berkeley Civic Center,Ninth St at Heinz Ave
590,"September 4, 2021",16631,$0.00,1:08 PM,1:21 PM,Ninth St at Heinz Ave,Berkeley Civic Center
591,"September 4, 2021",16631,$0.00,11:26 AM,11:38 AM,Berkeley Civic Center,Ninth St at Heinz Ave
592,"September 3, 2021",81242,$0.00,1:18 PM,1:24 PM,Bancroft Way at Telegraph Ave,Berkeley Civic Center
593,"September 3, 2021",13593,$0.00,9:18 AM,9:33 AM,Ninth St at Heinz Ave,Berkeley Civic Center
594,"September 3, 2021",12229,$0.00,7:20 AM,7:32 AM,Berkeley Civic Center,Ninth St at Parker St
595,"September 1, 2021",12980,$0.00,4:28 PM,4:34 PM,Bancroft Way at Telegraph Ave,Berkeley Civic Center
596,"September 1, 2021",68154,$0.00,8:36 AM,8:51 AM,Ninth St at Heinz Ave,Berkeley Civic Center
597,"September 1, 2021",67936,$0.00,7:00 AM,7:11 AM,Berkeley Civic Center,Ninth St at Parker St
598,"August 31, 2021",80050,$0.00,1:48 PM,1:55 PM,Bancroft Way at College Ave,Berkeley Civic Center
599,"August 31, 2021",13579,$0.00,8:00 AM,8:09 AM,Berkeley Civic Center,Bancroft Way at College Ave
600,"August 30, 2021",78661,$0.00,7:32 PM,7:38 PM,Bancroft Way at College Ave,Berkeley Civic Center
601,"August 29, 2021",12372,$0.00,2:25 PM,2:41 PM,Ninth St at Heinz Ave,Berkeley Civic Center
602,"August 29, 2021",12372,$0.00,12:13 PM,12:24 PM,Berkeley Civic Center,Ninth St at Heinz Ave
603,"August 27, 2021",13593,$0.00,5:30 PM,5:38 PM,Bancroft Way at College Ave,Berkeley Civic Center
604,"August 27, 2021",67733,$0.00,9:14 AM,9:28 AM,Ninth St at Heinz Ave,Berkeley Civic Center
605,"August 27, 2021",68154,$0.00,6:55 AM,7:06 AM,Berkeley Civic Center,Ninth St at Heinz Ave
606,"August 26, 2021",12072,$0.00,1:36 PM,1:42 PM,Bancroft Way at Telegraph Ave,Berkeley Civic Center
607,"August 25, 2021",80940,$0.00,10:25 AM,10:40 AM,Ninth St at Heinz Ave,Berkeley Civic Center
608,"August 25, 2021",16567,$0.00,8:33 AM,8:47 AM,Berkeley Civic Center,Ninth St at Parker St
609,"August 23, 2021",80144,$0.00,9:58 AM,10:14 AM,Ninth St at Heinz Ave,MLK Jr Way at University Ave
610,"August 23, 2021",20151,$0.00,8:41 AM,8:51 AM,Berkeley Civic Center,Ninth St at Heinz Ave
611,"August 22, 2021",12885,$0.00,2:08 PM,2:25 PM,Ninth St at Heinz Ave,Berkeley Civic Center
612,"August 22, 2021",12885,$0.00,12:04 PM,12:16 PM,Berkeley Civic Center,Ninth St at Heinz Ave
613,"August 19, 2021",80785,$0.00,9:29 AM,9:45 AM,Ninth St at Heinz Ave,Berkeley Civic Center
614,"August 19, 2021",80785,$0.00,7:19 AM,7:29 AM,Berkeley Civic Center,Ninth St at Heinz Ave
615,"August 18, 2021",12856,$0.00,9:25 AM,9:30 AM,Bancroft Way at Telegraph Ave,Berkeley Civic Center
616,"August 17, 2021",77809,$0.00,8:28 AM,8:46 AM,Ninth St at Heinz Ave,Berkeley Civic Center
617,"August 17, 2021",12583,$0.00,6:24 AM,6:39 AM,Berkeley Civic Center,Ninth St at Heinz Ave
618,"August 16, 2021",12594,$0.00,4:09 PM,4:16 PM,Bancroft Way at Telegraph Ave,Berkeley Civic Center
619,"August 16, 2021",77717,$0.00,11:13 AM,11:18 AM,Bancroft Way at Telegraph Ave,Berkeley Civic Center
620,"August 15, 2021",78511,$0.00,12:28 PM,12:44 PM,Ninth St at Heinz Ave,Berkeley Civic Center
621,"August 15, 2021",77809,$0.00,10:28 AM,10:39 AM,Berkeley Civic Center,Ninth St at Heinz Ave
622,"August 14, 2021",77809,$0.00,11:38 AM,11:53 AM,Ninth St at Heinz Ave,Berkeley Civic Center
623,"August 14, 2021",78511,$0.00,10:00 AM,10:12 AM,Berkeley Civic Center,Ninth St at Heinz Ave
624,"August 14, 2021",12583,$0.00,9:57 AM,9:57 AM,Berkeley Civic Center,Berkeley Civic Center
625,"August 12, 2021",16617,$0.00,11:37 AM,11:53 AM,Ninth St at Heinz Ave,Berkeley Civic Center
626,"August 12, 2021",16617,$0.00,9:34 AM,9:46 AM,Berkeley Civic Center,Ninth St at Heinz Ave
627,"August 11, 2021",10927,$0.00,3:05 PM,3:20 PM,Ninth St at Heinz Ave,Berkeley Civic Center
628,"August 11, 2021",13821,$0.00,1:22 PM,1:36 PM,Berkeley Civic Center,Ninth St at Heinz Ave
629,"August 10, 2021",13821,$3.28,6:15 PM,6:29 PM,Ninth St at Heinz Ave,Berkeley Civic Center
630,"August 10, 2021",13821,$3.28,3:55 PM,4:07 PM,Berkeley Civic Center,Ninth St at Heinz Ave
631,"August 6, 2021",16567,$3.28,3:52 PM,4:07 PM,Ninth St at Heinz Ave,Berkeley Civic Center
632,"August 6, 2021",16567,$3.28,2:24 PM,2:33 PM,Berkeley Civic Center,Ninth St at Heinz Ave
633,"August 5, 2021",16549,$3.28,10:04 AM,10:18 AM,Ninth St at Heinz Ave,Berkeley Civic Center
634,"August 5, 2021",16549,$3.28,8:28 AM,8:41 AM,Berkeley Civic Center,Ninth St at Heinz Ave
635,"August 4, 2021",16567,$3.28,1:30 PM,1:44 PM,Ninth St at Heinz Ave,Berkeley Civic Center
636,"August 4, 2021",16567,$3.28,11:55 AM,12:06 PM,Berkeley Civic Center,Ninth St at Heinz Ave
637,"August 1, 2021",10718,$3.28,1:23 PM,1:39 PM,Ninth St at Heinz Ave,Berkeley Civic Center
638,"August 1, 2021",10718,$3.28,10:58 AM,11:10 AM,Berkeley Civic Center,Ninth St at Heinz Ave
639,"July 31, 2021",13441,$3.28,1:26 PM,1:55 PM,Berkeley Civic Center,MLK Jr Way at University Ave
640,"July 24, 2021",12213,$3.28,1:03 PM,1:23 PM,Ninth St at Heinz Ave,MLK Jr Way at University Ave
641,"July 24, 2021",12213,$3.28,9:07 AM,9:34 AM,Berkeley Civic Center,Ninth St at Heinz Ave
642,"July 18, 2021",15141,$3.28,2:59 PM,3:19 PM,Ninth St at Heinz Ave,MLK Jr Way at University Ave
643,"July 16, 2021",12421,$3.28,3:52 PM,4:16 PM,55th St at Telegraph Ave,MLK Jr Way at University Ave
644,"July 16, 2021",67957,$3.28,2:37 PM,3:03 PM,MLK Jr Way at University Ave,55th St at Telegraph Ave
645,"May 14, 2021",77378,$3.28,11:50 AM,12:19 PM,55th St at Telegraph Ave,MLK Jr Way at University Ave